Date,Reviewer Name,Rating,Cleaner,Booking ID,Review Text
04/28/2026,Bella Gomez,4,Tanya R.,BK-4361,House looks amazing.
04/29/2026,Karen Ortega,5,Priya S.,BK-4401,Best cleaning service we've used in Phoenix.
05/04/2026,Tina Ibarra,5,Deshawn K.,BK-4334,Spotless! Will keep the biweekly schedule.
05/04/2026,Faith Duran,5,Elena V.,BK-4378,Best cleaning service we've used in Phoenix.
05/06/2026,Leo Ortega,5,Elena V.,BK-4299,House looks amazing.
05/20/2026,Karen Reyes,5,Priya S.,BK-4242,
05/24/2026,Kate Chen,5,Maria G.,BK-4373,Best cleaning service we've used in Phoenix.
05/25/2026,Umar Kim,5,Elena V.,,Best cleaning service we've used in Phoenix.
05/28/2026,Carla Gomez,4,Deshawn K.,BK-4416,Best cleaning service we've used in Phoenix.
05/29/2026,Ximena Jensen,5,Tanya R.,BK-4215,Best cleaning service we've used in Phoenix.
06/07/2026,Kate Chen,5,Maria G.,BK-4374,
06/11/2026,Faith Duran,5,Elena V.,BK-4383,Spotless! Will keep the biweekly schedule.
06/13/2026,Paul Alvarez,4,Elena V.,BK-4424,House looks amazing.
06/14/2026,Emily Alvarez,5,Maria G.,BK-4426,
06/28/2026,Gina Sato,5,Deshawn K.,BK-4226,Great communication and on time.
07/04/2026,Hank Duran,5,Deshawn K.,BK-4397,Best cleaning service we've used in Phoenix.
